City_ID,City,Lat,Lng,Max Temp,Humidity,Cloudiness,Wind Speed,Country,Date
0,margaret river,-33.95,115.0667,13.49,62,84,4.48,AU,1699551159
1,iqaluit,63.7506,-68.5145,-0.15,69,75,4.12,CA,1699550888
2,adamstown,-25.066,-130.1015,22.4,87,100,6.9,PN,1699551172
3,talnakh,69.4865,88.3972,-5.44,91,100,8.16,RU,1699551228
4,port lincoln,-34.7333,135.8667,16.94,78,30,3.84,AU,1699551294
5,grytviken,-54.2811,-36.5092,1.66,98,99,2.2,GS,1699551166
6,tiksi,71.6872,128.8694,-16.41,90,100,5.67,RU,1699551171
7,cienega de flores,25.95,-100.1833,30.38,54,40,3.09,MX,1699551406
8,thompson,55.7435,-97.8558,-6.91,79,100,4.63,CA,1699551171
9,korla,41.7597,86.1469,9.11,26,81,4.68,CN,1699551500
10,natal,-5.795,-35.2094,31.36,55,20,8.23,BR,1699551491
11,port-aux-francais,-49.35,70.2167,5.26,95,100,11.46,TF,1699551158
12,edinburgh of the seven seas,-37.0676,-12.3116,12.89,76,27,5.79,SH,1699551198
13,port alfred,-33.5906,26.891,17.88,87,2,1.56,ZA,1699551256
14,qaqortoq,60.7167,-46.0333,-0.65,86,98,2.49,GL,1699551161
15,hillsborough,37.5741,-122.3794,16.66,69,40,1.34,US,1699551502
16,poronaysk,49.2167,143.1167,1.42,99,100,4.56,RU,1699551339
17,luderitz,-26.6481,15.1594,18.71,70,0,2.46,NA,1699551398
18,klyuchi,52.2667,79.1667,1.3,73,59,3.65,RU,1699551315
19,aykhal,66.0,111.5,-11.7,89,100,1.62,RU,1699551373
20,iskateley,67.6803,53.1512,0.57,100,100,4.02,RU,1699551236
21,bamboo flat,11.7,92.7167,26.05,94,40,1.03,IN,1699551184
22,nantucket,41.2835,-70.0995,10.08,80,100,5.66,US,1699551237
23,pervoural'sk,56.9053,59.9436,-2.96,98,47,1.18,RU,1699551505
24,jamestown,42.097,-79.2353,7.77,96,100,6.69,US,1699551239
25,mar del plata,-38.0023,-57.5575,23.24,61,0,6.69,AR,1699551305
26,nguigmi,14.2495,13.1092,30.23,22,53,2.92,NE,1699551507
27,ribeira grande,38.5167,-28.7,21.22,94,75,9.39,PT,1699551168
28,aasiaat,68.7098,-52.8699,-5.87,81,98,4.67,GL,1699551298
29,bilibino,68.0546,166.4372,-22.05,99,98,1.03,RU,1699551240
30,manokwari,-0.8667,134.0833,25.46,84,90,2.38,ID,1699551508
31,kavaratti,10.5669,72.642,28.18,74,100,2.89,IN,1699551288
32,longyearbyen,78.2186,15.6401,-2.09,93,100,10.29,SJ,1699551163
33,lorengau,-2.0226,147.2712,26.67,86,100,5.34,PG,1699551509
34,ilulissat,69.2167,-51.1,-1.99,74,75,5.14,GL,1699551236
35,mount gambier,-37.8333,140.7667,8.96,94,97,1.87,AU,1699551208
36,vilyuchinsk,52.9306,158.4028,-0.85,81,75,2.99,RU,1699551314
37,west island,-12.1568,96.8225,25.99,89,75,4.63,CC,1699551174
38,yellowknife,62.456,-114.3525,-1.44,98,100,10.8,CA,1699551188
39,acapulco de juarez,16.8634,-99.8901,29.99,66,55,2.83,MX,1699551367
40,albany,42.6001,-73.9662,8.13,72,99,1.7,US,1699551078
41,puerto natales,-51.7236,-72.4875,14.25,35,20,12.86,CL,1699551160
42,withernsea,53.7311,0.0335,8.3,87,55,6.75,GB,1699551513
43,new norfolk,-42.7826,147.0587,14.28,96,12,1.52,AU,1699551200
44,wailua homesteads,22.0669,-159.378,25.44,80,75,9.26,US,1699551188
45,vorgashor,67.5833,63.95,-0.56,96,100,5.33,RU,1699551262
46,utrik,11.2278,169.8474,27.72,78,97,10.05,MH,1699551240
47,northam,51.0333,-4.2167,9.58,84,100,12.18,GB,1699551515
48,lerwick,60.1545,-1.1494,6.0,78,97,3.44,GB,1699551091
49,isafjordur,66.0755,-23.124,4.02,65,75,8.23,IS,1699551183
50,lander,42.833,-108.7307,6.17,40,0,3.6,US,1699551516
51,punta arenas,-53.15,-70.9167,11.01,43,75,10.29,CL,1699551052
52,puerto ayora,-0.7393,-90.3518,28.98,100,96,4.47,EC,1699551196
53,laguna,38.421,-121.4238,17.27,61,0,2.57,US,1699551356
54,bozhou,33.8772,115.7703,8.67,41,100,6.13,CN,1699551391
55,ola,59.5833,151.2833,-18.35,85,3,4.59,RU,1699551304
56,puerto armuelles,8.2833,-82.8667,30.99,84,18,3.13,PA,1699551518
57,soio,-6.1349,12.3689,26.33,86,43,3.23,AO,1699551287
58,qulsary,46.9531,54.0198,11.3,60,100,8.41,KZ,1699551412
59,ouesso,1.6136,16.0517,22.72,98,100,1.47,CG,1699551519
60,lihue,21.9789,-159.3672,25.77,75,75,9.26,US,1699551283
61,dauphin,51.1494,-100.0502,-0.92,86,100,5.66,CA,1699551520
62,ushuaia,-54.8,-68.3,10.81,35,40,7.2,AR,1699551172
63,santo domingo,18.5001,-69.9886,30.8,84,40,3.58,DO,1699551311
64,enewetak,11.3474,162.3373,28.36,76,100,8.76,MH,1699551229
65,invercargill,-46.4,168.35,1.68,93,12,1.77,NZ,1699551213
66,livingstonia,-10.606,34.1063,22.41,53,70,2.53,MW,1699551524
67,riosucio,5.4216,-75.7032,23.34,64,45,0.42,CO,1699551524
68,yanykurgan,43.915,67.2481,9.08,72,58,1.71,KZ,1699551525
69,san borja,-14.8167,-66.85,36.71,36,100,2.27,BO,1699551525
70,kalmunai,7.4167,81.8167,26.04,82,58,1.62,LK,1699551526
71,kuqa,41.7278,82.9364,8.7,31,100,1.99,CN,1699551526
72,aitape,-3.1374,142.3475,25.62,89,100,2.54,PG,1699551527
73,flin flon,54.7682,-101.865,-2.09,86,100,1.54,CA,1699551256
74,port elizabeth,-33.918,25.5701,17.4,79,0,2.06,ZA,1699550974
75,blackmans bay,-43.0167,147.3167,13.62,95,4,0.45,AU,1699551155
76,saipan,15.1355,145.701,27.39,83,0,3.09,MP,1699551173
77,hawaiian paradise park,19.5933,-154.9731,22.8,88,40,2.57,US,1699551246
78,port blair,11.6667,92.75,26.02,94,40,1.03,IN,1699551292
79,tamanrasset,22.785,5.5228,24.95,10,0,2.06,DZ,1699551529
80,constantia,44.1833,28.65,8.38,46,4,0.27,RO,1699551165
81,ishinomaki,38.4167,141.3,14.47,81,59,3.76,JP,1699551530
82,cockburn town,21.4612,-71.1419,29.98,66,40,7.2,TC,1699551192
83,badger,64.8,-147.5333,2.95,63,100,5.66,US,1699551272
84,port mathurin,-19.6833,63.4167,25.03,72,1,6.23,MU,1699551179
85,holualoa,19.6228,-155.9522,22.15,76,0,2.24,US,1699551388
86,as sulaymaniyah,35.5611,45.4375,17.1,44,14,0.34,IQ,1699551532
87,niafunke,15.9322,-3.9906,32.08,14,49,3.87,ML,1699551532
88,severnoye,56.3491,78.3619,-4.45,87,48,4.02,RU,1699551394
89,dumai,1.6833,101.45,23.3,98,100,1.04,ID,1699551533
90,asker,59.8333,10.4372,4.24,92,100,1.57,NO,1699551534
91,zhezqazghan,47.7833,67.7667,5.42,87,74,4.39,KZ,1699551534
92,avarua,-21.2078,-159.775,23.03,88,20,2.57,CK,1699551269
93,waitangi,-43.9535,-176.5597,8.49,65,83,14.28,NZ,1699551156
94,yemetsk,63.4721,41.7941,-1.71,90,83,0.82,RU,1699551381
95,keelung,25.1283,121.7419,26.11,83,61,0.93,TW,1699551535
96,male,4.1748,73.5089,26.97,94,100,2.06,MV,1699551536
97,tando muhammad khan,25.123,68.5358,25.98,61,11,3.9,PK,1699551536
98,ust-nera,64.5667,143.2,-31.11,99,83,1.73,RU,1699551227
99,olonkinbyen,70.9221,-8.7187,-1.77,68,100,2.23,SJ,1699551190
100,horta,38.5333,-28.6333,20.8,95,75,9.39,PT,1699551322
101,cobija,-11.0267,-68.7692,30.1,74,75,1.54,BO,1699551538
102,puerto carreno,6.189,-67.4859,33.99,55,20,3.09,CO,1699551539
103,es castell,39.8795,4.2854,15.38,94,40,3.09,ES,1699551539
104,greymouth,-42.4667,171.2,7.12,87,9,2.62,NZ,1699551540
105,lebu,-37.6167,-73.65,13.62,67,0,7.56,CL,1699551235
106,north branch,45.5113,-92.9802,8.04,55,1,5.36,US,1699551541
107,santa cruz,-17.8,-63.1667,38.03,37,20,9.26,BO,1699551366
108,rongelap,11.1635,166.8941,27.71,79,99,9.58,MH,1699551238
109,errachidia,31.9275,-4.4285,24.03,16,0,1.54,MA,1699551542
110,al ghayzah,16.2079,52.176,27.29,58,6,2.92,YE,1699551263
111,zhanga buqtyrma,49.6295,83.5248,-3.11,81,21,1.27,KZ,1699551543
112,kodiak,57.79,-152.4072,-0.27,55,0,4.12,US,1699551204
113,quellon,-43.1167,-73.6167,11.97,59,24,4.51,CL,1699551189
114,swakopmund,-22.6833,14.5333,17.47,77,8,2.68,NA,1699551270
115,tura,25.5198,90.2201,18.08,70,4,1.41,IN,1699551284
116,idri,27.5,13.2667,23.74,22,67,3.66,LY,1699551545
117,montepuez,-13.1256,38.9997,25.46,60,39,4.53,MZ,1699551422
118,yeppoon,-23.1333,150.7333,19.88,77,4,4.67,AU,1699551546
119,vorkuta,67.5,64.0,-0.36,96,100,5.16,RU,1699551257
120,papatowai,-46.5619,169.4708,4.39,76,30,1.15,NZ,1699551257
121,calvinia,-31.4707,19.776,24.74,18,0,2.37,ZA,1699551548
122,gadzhiyevo,69.2551,33.3362,-6.33,93,92,4.67,RU,1699551447
123,cabo san lucas,22.8909,-109.9124,29.73,63,0,1.54,MX,1699551143
124,fort mcmurray,56.7268,-111.381,-3.23,86,100,2.57,CA,1699551497
125,virginia beach,36.8529,-75.978,26.02,59,75,4.12,US,1699550988
126,quepos,9.4236,-84.1652,29.59,74,21,2.62,CR,1699551550
127,vila franca do campo,37.7167,-25.4333,21.23,99,99,5.33,PT,1699551312
128,keflavik,64.0049,-22.5624,4.24,75,0,1.03,IS,1699551212
129,kailua-kona,19.6406,-155.9956,24.22,76,0,2.24,US,1699551411
130,kindu,-2.95,25.95,21.03,98,100,1.02,CD,1699551286
131,bredasdorp,-34.5322,20.0403,15.8,73,0,3.42,ZA,1699551244
132,bethel,41.3712,-73.414,12.49,73,100,1.54,US,1699551157
133,upington,-28.4478,21.2561,33.21,12,0,1.54,ZA,1699551407
134,port pirie,-33.1833,138.0167,24.24,35,21,1.41,AU,1699551554
135,shache,38.4167,77.2406,8.92,23,97,1.39,CN,1699551351
136,kayangel,8.0823,134.7173,29.1,74,67,4.8,PW,1699551555
137,jayapura,-2.5333,140.7,26.66,88,100,2.48,ID,1699551235
138,nar'yan-mar,67.6713,53.087,0.62,100,100,4.02,RU,1699551224
139,guerrero negro,27.9769,-114.0611,22.73,46,0,0.71,MX,1699551281
140,tsiombe,-25.3,45.4833,23.87,61,45,5.02,MG,1699551274
141,namibe,-15.1961,12.1522,20.47,77,25,4.17,AO,1699551241
142,alindao,5.0267,21.2088,22.62,98,97,2.54,CF,1699551557
143,coquimbo,-29.9533,-71.3436,15.85,82,75,4.12,CL,1699551128
144,cidreira,-30.1811,-50.2056,17.48,88,100,2.31,BR,1699551558
145,i-n-salah,27.1935,2.4607,26.81,16,28,1.04,DZ,1699551558
146,kashgar,39.4547,75.9797,10.56,43,75,1.0,CN,1699551559
147,murzuq,25.9155,13.9184,24.58,19,100,3.95,LY,1699551559
148,happy valley-goose bay,53.3168,-60.3315,0.17,64,100,4.12,CA,1699551438
149,tionk essil,12.7856,-16.5217,31.03,39,100,0.99,SN,1699551489
150,udachny,66.4167,112.4,-13.08,84,100,1.53,RU,1699551226
151,tangalle,6.024,80.7911,24.52,93,100,2.93,LK,1699551561
152,hammerfest,70.6634,23.6821,-0.75,74,0,2.57,NO,1699551209
153,lompoc,34.6391,-120.4579,19.96,55,0,2.57,US,1699551373
154,petropavlovsk-kamchatsky,53.0452,158.6483,-1.67,73,20,9.39,RU,1699551243
155,hadibu,12.65,54.0333,26.63,74,14,4.31,YE,1699551335
156,dryden,49.7833,-92.7503,0.16,86,75,2.57,CA,1699551293
157,susuman,62.7833,148.1667,-30.71,99,92,0.23,RU,1699551562
158,tsengel,49.4783,100.8894,-15.71,81,2,0.71,MN,1699551436
159,bardai,11.65,7.2333,26.14,21,47,1.68,NG,1699551278
160,hermanus,-34.4187,19.2345,18.01,69,0,4.73,ZA,1699551178
161,codrington,-38.2667,141.9667,9.47,91,68,2.46,AU,1699551283
162,cambridge,43.3601,-80.3127,7.31,89,100,7.2,CA,1699551433
163,sinabang,2.4803,96.3801,25.71,84,100,0.21,ID,1699551280
164,bridgewater,44.3835,-64.5155,5.35,76,92,5.66,CA,1699551285
165,newman,37.3138,-121.0208,14.02,49,16,0.92,US,1699551383
166,cannonvale,-20.2833,148.7,22.66,75,1,4.58,AU,1699551566
167,afaahiti,-17.75,-149.2833,22.81,86,79,6.58,PF,1699551191
168,dinard,48.6314,-2.0614,9.21,82,99,7.2,FR,1699551567
169,caibiran,11.5717,124.5822,26.29,88,40,2.37,PH,1699551568
170,la passe,45.5549,-0.8967,12.23,77,68,10.38,FR,1699551202
171,olinda,-8.0089,-34.8553,29.85,58,20,4.63,BR,1699551570
172,ghanzi,-21.5667,21.7833,31.06,16,0,3.51,BW,1699551249
173,nizhnesortymskiy,62.4397,71.7603,-1.83,89,100,5.56,RU,1699551571
174,moncks corner,33.196,-80.0131,27.74,47,0,3.6,US,1699551572
175,san patricio,28.017,-97.5169,28.97,58,100,3.22,US,1699551158
176,atafu village,-8.5421,-172.5159,28.64,70,100,3.28,TK,1699551177
177,hsinchu,24.8036,120.9686,26.59,91,45,0.45,TW,1699551573
178,sola,-13.8833,167.55,26.05,84,100,12.04,VU,1699551574
179,bengkulu,-3.8004,102.2655,23.48,94,85,1.06,ID,1699551574
180,shalqar,47.8333,59.6,7.92,65,36,3.14,KZ,1699551574
181,catarman,12.4989,124.6377,25.23,92,30,1.45,PH,1699551575
182,beyneu,45.3167,55.2,11.59,56,100,7.66,KZ,1699551575
183,tucumcari,35.1717,-103.725,7.75,56,100,4.63,US,1699551576
184,hirara,24.8,125.2833,24.92,100,20,3.09,JP,1699551525
185,winnipeg,49.8844,-97.147,0.57,84,100,7.2,CA,1699550952
186,sitka,57.0531,-135.33,7.94,81,100,4.63,US,1699551212
187,sihanoukville,10.6093,103.5296,25.97,89,40,0.51,KH,1699551577
188,sault ste. marie,46.5168,-84.3333,4.31,75,40,6.69,CA,1699551340
189,manaure,11.7751,-72.4445,32.72,57,57,9.74,CO,1699551578
190,fougamou,-1.2154,10.5838,24.49,95,92,1.3,GA,1699551579
191,kirakira,-10.4544,161.9205,25.95,89,98,4.12,SB,1699551275
192,colonia,50.9333,6.95,11.09,75,100,5.14,DE,1699551392
193,berezivka,47.2043,30.9078,8.65,63,10,2.51,UA,1699551580
194,kazerun,29.6195,51.6541,19.59,44,0,1.35,IR,1699551580
195,franceville,-1.6333,13.5836,23.59,94,77,0.23,GA,1699551581
196,ballina,-28.8667,153.5667,17.1,89,37,4.08,AU,1699551581
197,nkove,-7.95,30.85,26.47,69,84,3.35,TZ,1699551582
198,ghadamis,30.1337,9.5007,26.24,15,40,3.92,LY,1699551582
199,nova vicosa,-17.8919,-39.3719,27.26,57,0,6.04,BR,1699551369
200,kem',64.9555,34.5793,-4.27,92,100,1.11,RU,1699551583
201,chonchi,-42.6128,-73.8092,12.56,48,53,1.64,CL,1699551403
202,kingston,17.997,-76.7936,33.53,62,20,6.69,JM,1699550938
203,bel ombre,-4.6167,55.4167,27.91,78,20,1.54,SC,1699551183
204,touros,-5.1989,-35.4608,29.02,58,0,7.93,BR,1699551276
205,magadan,59.5667,150.8,-18.36,80,5,3.11,RU,1699551439
206,helena valley southeast,46.6153,-111.9216,6.78,65,0,3.58,US,1699551585
207,talakan,50.3167,130.3667,-14.11,99,75,1.38,RU,1699551586
208,kharp,66.8014,65.8081,-5.2,98,98,1.6,RU,1699551586
209,al jubayl,27.0112,49.6583,25.99,57,0,2.13,SA,1699551586
210,kone,-21.0595,164.8658,18.68,75,61,1.86,NC,1699551391
211,yoloten,37.2989,62.3597,13.55,34,89,6.44,TM,1699551587
212,kenora,49.8167,-94.4337,0.54,93,100,3.6,CA,1699551371
213,puerto baquerizo moreno,-0.9,-89.6,25.55,89,75,6.69,EC,1699551162
214,kavieng,-2.5744,150.7967,27.96,79,100,5.08,PG,1699551567
215,saint-joseph,-21.3667,55.6167,24.21,80,67,2.37,RE,1699551553
216,maydolong,11.4992,125.5011,27.42,82,54,2.85,PH,1699551589
217,elze,52.1226,9.736,10.55,86,100,5.83,DE,1699551589
218,tanjung pandan,-2.75,107.65,25.78,81,77,0.85,ID,1699551591
219,ripley,53.0333,-1.4,7.45,88,81,1.79,GB,1699551592
220,abepura,-2.6333,140.5833,26.45,74,20,3.09,ID,1699551228
221,vizinga,61.0749,50.1031,-1.57,94,46,1.39,RU,1699551593
222,stanley,54.868,-1.6985,6.55,88,0,1.03,GB,1699551194
223,dailekh,28.8333,81.6667,13.85,69,0,2.42,NP,1699551594
224,kapa'a,22.0752,-159.319,26.18,80,75,9.26,US,1699551185
225,gusau,12.1628,6.6614,28.94,18,91,2.27,NG,1699551594
226,aydarken,39.9443,71.3429,-1.97,84,94,2.54,KG,1699551595
227,brits,-25.6347,27.7802,26.27,34,35,2.94,ZA,1699551595
228,peace river,56.2501,-117.286,-2.83,93,100,1.03,CA,1699551169
229,nemuro,43.3236,145.575,12.58,86,85,12.13,JP,1699551162
230,adrar,20.5022,-10.0711,25.89,20,0,3.79,MR,1699551596
231,east london,-33.0153,27.9116,17.52,88,40,1.54,ZA,1699551013
232,vuktyl,63.8567,57.3094,2.28,99,100,4.47,RU,1699551597
233,fedorovskiy,45.0972,40.9517,9.42,83,95,5.44,RU,1699551598
234,mogocha,53.7333,119.7667,-13.73,69,24,2.31,RU,1699551420
235,anori,-3.7728,-61.6442,39.95,25,58,2.46,BR,1699551576
236,amungan,15.3652,119.9582,26.65,75,100,2.15,PH,1699551599
237,korhogo,9.45,-5.6333,25.66,72,100,1.33,CI,1699551599
238,baijiantan,45.6333,85.1833,4.95,48,58,0.52,CN,1699551600
239,forde,61.4522,5.8572,6.0,69,0,2.06,NO,1699551600
240,ambodifotatra,-16.9833,49.85,26.23,83,9,5.8,MG,1699551601
241,coxen hole,16.3244,-86.5366,28.6,79,20,1.54,HN,1699551601
242,smidovich,48.6,133.8167,-6.24,92,100,2.91,RU,1699551602
243,timiryazevskoye,56.49,84.8769,-6.62,73,7,2.51,RU,1699551603
244,daru,-9.0763,143.2092,25.09,76,97,4.54,PG,1699551604
245,yigo village,13.5361,144.8886,27.16,86,40,6.17,GU,1699551438
246,alice springs,-23.7,133.8833,18.75,48,74,4.12,AU,1699551068
247,sertanopolis,-23.0586,-51.0364,34.04,27,100,2.26,BR,1699551605
248,la mira,18.035,-102.3266,29.91,68,62,1.8,MX,1699551606
249,hinatuan,8.3722,126.3342,25.33,89,100,0.83,PH,1699551606
250,kill devil hills,36.0307,-75.676,24.01,57,0,5.66,US,1699551607
251,whitehorse,60.7161,-135.0538,3.43,81,40,7.2,CA,1699551101
252,santa ana,33.7456,-117.8678,25.13,17,0,7.72,US,1699551331
253,lumphat,13.4878,106.9816,23.29,95,13,1.39,KH,1699551608
254,yurty,56.0498,97.6348,-11.1,84,4,3.51,RU,1699551609
255,arraial do cabo,-22.9661,-42.0278,33.98,37,0,7.2,BR,1699551292
256,el granada,37.5027,-122.4694,16.78,69,40,0.89,US,1699551610
257,hithadhoo,-0.6,73.0833,27.18,81,81,3.05,MV,1699551162
258,bembereke,10.2283,2.6634,29.64,32,27,0.46,BJ,1699551611
259,prince george,53.9166,-122.753,1.46,93,100,2.57,CA,1699551176
260,rio grande,-32.035,-52.0986,28.06,56,9,4.31,BR,1699551248
261,yuzhno-kurilsk,44.0306,145.8556,12.43,88,96,10.82,RU,1699551253
262,antofagasta,-23.65,-70.4,22.6,67,33,3.88,CL,1699551506
263,mirpur sakro,24.5474,67.6277,26.27,69,0,3.48,PK,1699551613
264,bubaque,11.2833,-15.8333,28.6,52,100,2.66,GW,1699551614
265,north bend,43.4065,-124.2243,8.93,93,100,4.12,US,1699551206
266,yambio,4.5721,28.3955,23.27,85,74,1.43,SS,1699551616
267,ta`u,-14.2336,-169.5144,27.39,81,100,5.0,AS,1699551362
268,fortuna,40.5982,-124.1573,9.25,98,0,3.6,US,1699551169
269,radovis,41.6383,22.4647,9.62,55,0,2.3,MK,1699551617
270,ketchikan,55.3422,-131.6461,7.99,93,100,3.6,US,1699551621
271,mananjary,-21.2167,48.3333,24.02,87,90,5.02,MG,1699551623
272,queenstown,-31.8976,26.8753,16.11,67,1,3.16,ZA,1699551419
273,tazovsky,67.4667,78.7,-3.39,86,100,8.76,RU,1699551254
274,saint croix,17.7397,-64.7388,30.25,79,20,5.14,VI,1699551624
275,mount isa,-20.7333,139.5,21.87,88,76,3.09,AU,1699551346
276,baiyin,36.5583,104.2081,3.59,46,86,1.94,CN,1699551625
277,nova sintra,14.8667,-24.7167,22.66,67,99,6.62,CV,1699551214
278,nahiyat ash shinafiyah,31.5874,44.6602,24.63,29,0,0.94,IQ,1699551626
279,kourou,5.1552,-52.6478,32.03,58,12,3.99,GF,1699551366
280,kerikeri,-35.2268,173.9474,11.39,88,100,1.51,NZ,1699551315
281,st. john's,47.5649,-52.7093,6.66,98,100,7.72,CA,1699551392
282,cinisi,38.1562,13.1073,18.25,65,0,2.06,IT,1699551628
283,sao mateus,-18.7161,-39.8589,29.05,49,0,4.99,BR,1699551629
284,capo d'orlando,38.1435,14.7305,16.9,63,82,2.35,IT,1699551629
285,geraldton,-28.7667,114.6,19.23,68,100,9.77,AU,1699551630
286,howrah,22.5892,88.3103,23.0,83,17,0.0,IN,1699551448
287,shagonar,51.5333,92.8,-11.39,90,96,1.83,RU,1699551630
288,sretensk,52.2453,117.7093,-14.32,94,58,1.17,RU,1699551631
289,mbekenyera,-10.0,38.9833,23.55,84,51,3.59,TZ,1699551632
290,mundybash,53.211,87.2983,-4.5,97,97,1.39,RU,1699551632
291,yefremov,53.1481,38.0992,5.38,88,84,6.05,RU,1699551633
292,danilov,58.1908,40.1717,2.73,95,80,1.78,RU,1699551633
293,bafra,41.5678,35.9069,14.5,84,100,4.72,TR,1699551634
294,darlowo,54.421,16.4107,9.36,73,100,7.66,PL,1699551635
295,katabu,-4.9333,122.5167,22.65,92,8,1.0,ID,1699551636
296,uturoa,-16.7333,-151.4333,26.41,80,15,6.33,PF,1699551313
297,palikir - national government center,6.9248,158.1611,26.41,89,100,2.06,FM,1699551377
298,banda aceh,5.5577,95.3222,26.47,80,100,3.64,ID,1699551443
299,balsas,-7.5325,-46.0356,36.99,26,22,2.03,BR,1699551639
300,sisimiut,66.9395,-53.6735,-2.84,82,100,6.03,GL,1699551181
301,ha'il,27.5219,41.6907,23.01,33,0,3.09,SA,1699551640
302,kruisfontein,-34.0033,24.7314,14.05,74,0,1.99,ZA,1699551223
303,hanceville,34.0607,-86.7675,23.98,56,73,2.45,US,1699551351
304,praia da vitoria,38.7333,-27.0667,21.14,88,40,8.59,PT,1699551271
305,nema,57.5067,50.5011,4.41,96,100,2.56,RU,1699551317
306,la'ie,21.6477,-157.9253,26.45,76,31,3.58,US,1699551618
307,bukama,-9.2,25.85,21.09,96,98,3.76,CD,1699551643
308,nadi,-17.8,177.4167,24.0,88,75,1.54,FJ,1699551643
309,hotan,37.0997,79.9269,8.24,20,92,0.86,CN,1699551630
310,ingeniero jacobacci,-41.3427,-69.5448,21.08,20,0,6.72,AR,1699551644
311,kidal,18.4411,1.4078,30.23,10,48,2.16,ML,1699551645
312,bandarban,22.1965,92.2262,24.84,90,1,0.97,BD,1699551646
313,severo-yeniseyskiy,60.3725,93.0408,-15.79,96,12,1.34,RU,1699551646
314,rapla,59.0072,24.7928,6.71,96,97,2.1,EE,1699551647
315,ebon,4.582,168.6964,27.96,80,99,3.82,MH,1699551647
316,pingliang,35.5392,106.6861,3.51,63,18,2.14,CN,1699551648
317,coari,-4.085,-63.1414,32.46,52,49,0.78,BR,1699551648
318,aioun,16.6614,-9.6149,30.3,13,84,3.66,MR,1699551649
319,pacific grove,36.6177,-121.9166,18.14,55,0,2.24,US,1699551528
320,tual,-5.6667,132.75,27.17,78,81,2.6,ID,1699551331
321,port saint john's,-31.6229,29.5448,18.75,81,58,0.35,ZA,1699551224
322,nashik,19.9833,73.8,25.13,59,95,1.14,IN,1699551650
323,pandan,14.0453,124.1694,26.97,85,14,4.68,PH,1699551651
324,bodaybo,57.8506,114.1933,-22.44,100,96,0.24,RU,1699551346
325,dedza,-14.3779,34.3332,18.05,79,97,1.5,MW,1699551652
326,walvis bay,-22.9575,14.5053,17.53,72,0,3.09,NA,1699551652
327,victorica,-36.2151,-65.4359,28.4,17,43,8.86,AR,1699551652
328,mugia,43.1041,-9.2179,13.28,75,100,8.03,ES,1699551432
329,revelstoke,50.9832,-118.2023,5.01,87,100,2.06,CA,1699551255
330,kuta,-8.7233,115.1723,26.97,88,40,2.68,ID,1699551414
331,tejen,37.3834,60.5054,16.12,28,94,8.7,TM,1699551654
332,luena,-11.7833,19.9167,20.34,73,57,1.53,AO,1699551655
333,port augusta,-32.5,137.7667,24.84,29,13,3.27,AU,1699551655
334,san andres,12.5847,-81.7006,31.01,79,20,5.14,CO,1699551041
335,zwedru,6.0667,-8.1281,24.53,95,68,1.32,LR,1699551656
336,isangel,-19.55,169.2667,22.15,75,97,6.5,VU,1699551428
337,karymskoye,51.6167,114.35,-14.42,97,76,1.51,RU,1699551657
338,viedma,-40.8135,-62.9967,26.37,15,0,2.41,AR,1699551657
339,nova xavantina,-14.6667,-52.35,38.28,23,44,1.38,BR,1699551563
340,mabaruma,8.2,-59.7833,28.55,83,97,2.4,GY,1699551658
341,vadso,70.0744,29.7487,-2.91,93,75,7.72,NO,1699551455
342,hasaki,35.7333,140.8333,13.22,73,14,3.94,JP,1699551238
343,krasnyy kut,50.95,46.9667,10.38,86,100,9.06,RU,1699551659
344,kembe,4.6228,21.8865,22.0,97,97,1.48,CF,1699551660
345,ishigaki,24.3448,124.1572,25.07,94,40,0.51,JP,1699551462
346,afif,23.9065,42.9172,22.54,27,1,5.1,SA,1699551534
347,chuhar jamali,24.3895,67.9923,26.29,67,4,3.64,PK,1699551662
348,goz beida,13.95,20.55,30.86,15,93,3.84,TD,1699551662
349,rawson,-43.3002,-65.1023,19.7,25,6,1.44,AR,1699551421
350,robinson,31.4677,-97.1147,18.79,97,100,5.66,US,1699551663
351,luba,3.4568,8.5547,26.61,87,77,3.28,GQ,1699551336
352,bocaiuva,-17.1078,-43.815,32.84,23,0,0.89,BR,1699551664
353,saint-pierre,-21.3393,55.4781,24.82,69,0,2.57,RE,1699551321
354,salinopolis,-0.6136,-47.3561,29.44,68,89,5.88,BR,1699551587
355,marka,1.7159,44.7717,27.86,79,74,5.9,SO,1699551666
356,denison,33.7557,-96.5367,12.87,91,75,5.14,US,1699551666
357,kashary,49.04,41.0056,8.31,74,100,8.54,RU,1699551667
358,lata,40.1629,-8.3327,13.84,89,99,1.79,PT,1699551271
359,rouissat,31.9243,5.3502,23.04,49,87,4.63,DZ,1699551668
360,bac lieu,9.285,105.7244,26.67,85,43,3.32,VN,1699551299
361,ancud,-41.8697,-73.8203,13.46,56,44,2.69,CL,1699551180
362,cozumel,20.5083,-86.9458,31.04,72,75,5.14,MX,1699551627
363,woolgoolga,-30.1106,153.2007,20.02,92,88,3.19,AU,1699551670
364,pudozh,61.8099,36.5345,-0.59,90,92,1.34,RU,1699551670
365,princeville,45.7668,-61.2985,8.62,84,40,5.14,CA,1699551671
366,taoudenni,22.6783,-3.9836,27.2,11,0,4.61,ML,1699551671
367,college,64.8569,-147.8028,2.99,60,100,4.63,US,1699551168
368,lakatoro,-16.0999,167.4164,25.01,81,96,7.5,VU,1699551424
369,xai-xai,-25.0519,33.6442,21.63,75,8,5.96,MZ,1699551673
370,portoferraio,42.8115,10.3146,16.96,88,100,10.8,IT,1699551673
371,taungdwingyi,20.0167,95.55,23.14,81,52,0.73,MM,1699551674
372,crane,31.3974,-102.3501,10.92,72,100,7.88,US,1699551525
373,ndele,8.4109,20.6473,26.4,66,66,2.2,CF,1699551675
374,nampula,-15.1165,39.2666,28.97,58,75,6.17,MZ,1699551527
375,redwood falls,44.5394,-95.1169,10.01,39,0,7.72,US,1699551676
376,tafuna,-14.3358,-170.72,25.97,100,75,2.57,AS,1699551639
377,bavly,54.393,53.2602,6.82,93,100,4.26,RU,1699551677
378,juruti,-2.1522,-56.0922,37.02,31,6,2.69,BR,1699551678
379,arkalyk,50.2486,66.9114,3.99,91,100,6.86,KZ,1699551678
380,zaterechnyy,44.7931,45.2097,12.26,71,58,8.81,RU,1699551679
381,kyustendil,42.2839,22.6911,7.12,58,0,2.04,BG,1699551679
382,callao,-12.0667,-77.15,26.51,73,100,4.63,PE,1699551234
383,miquelon,47.0975,-56.3814,5.0,78,100,13.69,PM,1699551680
384,belmonte,-15.8631,-38.8828,27.36,66,10,4.15,BR,1699551385
385,verdal,63.7933,11.4817,5.02,85,100,2.46,NO,1699551681
386,montrose,38.4166,-108.2673,-0.71,38,1,2.8,US,1699551518
387,dobre miasto,53.9867,20.3975,7.85,70,100,6.35,PL,1699551682
388,smara,26.7384,-11.6719,27.36,23,9,5.58,EH,1699551682
389,plettenberg bay,-34.0527,23.3716,15.16,79,0,2.23,ZA,1699551289
390,kumeny,58.1089,49.9161,4.29,95,100,2.35,RU,1699551684
391,aizpute,56.7167,21.6,7.57,83,100,5.7,LV,1699551684
392,polyarnyy,69.1989,33.4478,-5.83,92,91,4.7,RU,1699551210
393,aberdeen,57.1437,-2.0981,3.08,93,55,1.03,GB,1699551393
394,egilsstadir,65.2653,-14.3948,1.95,93,75,3.09,IS,1699551323
395,phalodi,27.1333,72.3667,26.6,29,18,2.08,IN,1699551687
396,orange,33.7,-117.7675,24.81,17,0,7.72,US,1699551688
397,tabas,33.5959,56.9244,17.12,31,0,2.06,IR,1699551688
398,north bay,46.3168,-79.4663,2.19,95,100,3.6,CA,1699551689
399,tofol,5.3248,163.0078,28.3,81,94,6.25,FM,1699551390
400,georgetown,5.4112,100.3354,26.12,97,40,1.54,MY,1699551140
401,vallenar,-28.5708,-70.7581,21.99,22,84,5.08,CL,1699551073
402,buala,-8.145,159.5921,26.12,88,100,2.39,SB,1699551599
403,dazhong,33.1997,120.4578,12.64,67,100,8.31,CN,1699551690
404,sao jose da coroa grande,-8.8978,-35.1478,28.14,57,12,4.32,BR,1699551346
405,yeed,4.55,43.0333,29.25,46,83,3.77,SO,1699551691
406,kolonia,50.9333,6.95,11.09,75,100,5.14,DE,1699551392
407,palmer,42.1584,-72.3287,4.63,83,100,2.06,US,1699551692
408,qui nhon,13.7667,109.2333,25.19,90,31,2.76,VN,1699551431
409,monroeville,40.4212,-79.7881,14.39,71,100,5.66,US,1699551558
410,roches noire,-20.1111,57.7122,25.7,74,51,4.64,MU,1699551693
411,bela,25.9333,81.9833,22.64,40,2,0.97,IN,1699551694
412,kyren,51.6828,102.1408,-14.47,87,2,0.89,RU,1699551694
413,hyesan,41.4017,128.1778,-6.95,84,99,1.73,KP,1699551695
414,nieuw amsterdam,5.8833,-55.0833,35.09,49,40,2.06,SR,1699551695
415,balkanabat,39.5108,54.3671,17.5,32,46,7.8,TM,1699551696
416,mundri,-6.9558,111.71,26.19,80,100,2.17,ID,1699551696
417,machulishchy,53.7788,27.5948,4.88,86,41,3.21,BY,1699551697
418,ihtiman,42.4333,23.8167,5.65,63,0,0.45,BG,1699551697
419,tolanaro,-25.0319,46.9987,24.04,88,75,1.54,MG,1699551532
420,palmerston north,-40.35,175.6167,8.19,81,36,0.45,NZ,1699551698
421,carnarvon,-24.8667,113.6333,20.43,75,75,9.98,AU,1699551272
422,aoulef,26.9667,1.0833,27.52,21,33,4.88,DZ,1699551350
423,zhaqsy,51.9083,67.3133,1.22,97,100,6.2,KZ,1699551699
424,kabalo,-6.05,26.9167,21.99,98,100,2.16,CD,1699551700
425,sudislavl',57.8817,41.7083,3.38,94,86,1.95,RU,1699551700
426,sur,22.5667,59.5289,26.7,62,0,3.25,OM,1699551168
427,antsiranana,-12.2787,49.2917,25.43,85,25,4.34,MG,1699551377
428,flying fish cove,-10.4217,105.6791,25.82,88,75,3.6,CX,1699551701
429,taroa,8.7058,171.2275,24.54,97,100,5.1,MH,1699551702
430,tralee,52.2704,-9.7026,9.14,93,75,6.69,IE,1699551405
431,tanhuato de guerrero,20.2833,-102.3333,26.91,41,44,2.24,MX,1699551703
432,tadine,-21.55,167.8833,20.91,67,97,6.9,NC,1699551703
433,santa cruz de tenerife,28.4682,-16.2546,24.6,72,20,3.09,ES,1699551703
434,haci zeynalabdin,40.6233,49.5586,19.08,52,94,10.64,AZ,1699551704
435,wundanyi,-3.4019,38.364,18.77,88,99,2.15,KE,1699551704
436,san antonio de pale,-1.4014,5.6325,26.11,79,22,4.67,GQ,1699551529
437,nuuk,64.1835,-51.7216,-2.66,80,75,3.09,GL,1699551101
438,levelland,33.5873,-102.378,9.55,42,100,6.31,US,1699551706
439,harrisonville,38.6533,-94.3488,11.83,44,0,3.09,US,1699551596
440,wilhelmsburg,48.1057,15.6054,7.43,99,100,2.15,AT,1699551707
441,that phanom,16.9364,104.7104,24.77,82,32,2.02,TH,1699551708
442,superior,46.7208,-92.1041,4.71,73,100,9.26,US,1699551707
443,sterling,39.0062,-77.4286,25.72,54,20,3.13,US,1699551709
444,solleftea,63.1667,17.2667,0.92,96,100,1.93,SE,1699551709
445,torghay,49.6339,63.4981,7.9,61,96,3.31,KZ,1699551710
446,marianna,30.7744,-85.2269,26.38,57,100,2.06,US,1699551710
447,warrenton,-28.114,24.8475,27.14,15,0,4.17,ZA,1699551711
448,mangrol,21.1167,70.1167,27.37,74,0,3.29,IN,1699551368
449,ak-dovurak,51.1833,90.6,-6.05,87,100,1.34,RU,1699551712
450,saint george,37.1041,-113.5841,13.57,33,0,1.79,US,1699551596
451,peterborough,52.5736,-0.2478,8.88,81,40,7.2,GB,1699551503
452,midvagur,62.0511,-7.1939,7.46,76,100,8.23,FO,1699551564
453,kurchum,48.5722,83.6542,0.52,62,22,1.31,KZ,1699551713
454,augsburg,48.3667,10.8833,9.29,66,0,3.6,DE,1699551713
455,kamina,-8.7386,24.9906,19.31,97,100,2.62,CD,1699551714
456,thames,-37.1333,175.5333,12.17,79,43,2.63,NZ,1699551714
457,bignona,12.8103,-16.2264,31.02,41,100,1.54,SN,1699551715
458,gurupi,-11.7292,-49.0686,32.5,35,58,4.15,BR,1699551715
459,nurmijarvi,60.4641,24.8073,4.17,98,100,1.54,FI,1699551716
460,argo,37.6333,22.7333,19.88,76,42,0.87,GR,1699551702
461,yelizovo,53.1873,158.3805,-0.92,54,20,7.15,RU,1699551342
462,aswan,24.0934,32.907,31.61,30,0,3.6,EG,1699551717
463,palu,-0.8917,119.8707,24.44,95,92,1.11,ID,1699551717
464,aver-o-mar,41.4078,-8.7812,14.49,82,40,0.0,PT,1699551718
465,dame-marie,18.5667,-74.4167,29.18,70,12,1.37,HT,1699551718
466,olyokminsk,60.3736,120.4264,-20.36,98,72,1.8,RU,1699551542
467,kyshtovka,56.555,76.6271,-0.37,77,24,4.02,RU,1699551719
468,hisua,24.8333,85.4167,19.1,53,0,2.04,IN,1699551719
469,nizhneangarsk,55.7833,109.55,-13.33,68,74,2.68,RU,1699551720
470,ra's bayrut,33.9,35.4833,23.81,73,75,2.06,LB,1699551710
471,sao joao da barra,-21.6403,-41.0511,31.05,70,3,8.24,BR,1699551327
472,moanda,-1.5575,13.2178,23.33,95,83,0.7,GA,1699551721
473,selfoss,63.9331,-20.9971,3.36,62,0,4.78,IS,1699551722
474,busembatia,0.7697,33.6131,20.61,83,100,2.57,UG,1699551722
475,sanming,26.2486,117.6186,20.92,95,24,0.46,CN,1699551464
476,aripuana,-9.1667,-60.6333,37.09,32,69,1.71,BR,1699551682
477,hanzhong,33.0728,107.0303,13.87,77,100,1.71,CN,1699551628
478,shahpura,27.3833,75.9667,22.53,34,41,1.43,IN,1699551724
479,sumperk,49.9653,16.9706,8.7,85,100,2.16,CZ,1699551724
480,fale old settlement,-9.3852,-171.2468,27.71,80,100,2.96,TK,1699551199
481,atar,20.5169,-13.0499,28.65,15,0,4.73,MR,1699551725
482,bay roberts,47.5999,-53.2648,6.86,95,100,3.13,CA,1699551726
483,likiep,9.8251,169.3107,27.9,80,100,9.6,MH,1699551709
484,cienfuegos,22.1461,-80.4356,32.08,62,40,4.63,CU,1699551727
485,fengxian,34.7039,116.5872,6.69,36,99,4.97,CN,1699551652
486,nanao,37.05,136.9667,18.99,73,100,2.18,JP,1699551728
487,luckeesarai,25.1833,86.0833,21.41,52,0,0.64,IN,1699551728
488,machico,32.7,-16.7667,22.78,76,20,4.63,PT,1699551531
489,as sulayyil,20.4607,45.5779,25.14,26,58,4.38,SA,1699551729
490,saint-philippe,-21.3585,55.7679,24.77,81,69,4.94,RE,1699551247
491,torbat-e heydariyeh,35.274,59.2195,10.45,60,47,1.01,IR,1699551730
492,kudahuvadhoo,2.6708,72.8944,27.26,77,65,3.56,MV,1699551626
493,ribeira brava,32.65,-17.0667,22.78,74,71,1.13,PT,1699551732
494,weno,7.4515,151.8468,27.94,82,99,9.45,FM,1699551161
495,trinidad,-14.8333,-64.9,35.99,46,75,6.17,BO,1699551275
496,beitbridge,-22.2167,30.0,28.59,34,0,5.75,ZW,1699551733
497,sos'va,59.1766,61.8558,1.7,90,36,2.68,RU,1699551734
498,qamdo,31.1667,97.2333,-2.68,41,94,1.07,CN,1699551349
499,novovarshavka,54.1721,74.6946,3.22,77,84,3.32,RU,1699551735
500,bandarbeyla,9.4942,50.8122,26.59,81,94,7.39,SO,1699551398
501,bontang,0.1333,117.5,24.96,90,98,1.71,ID,1699551737
502,jiangzi,28.95,89.6333,-3.55,64,11,2.95,CN,1699551505
503,carauari,-4.8828,-66.8958,34.22,46,57,1.05,BR,1699551738
504,mont-tremblant,46.1949,-74.6264,-1.34,86,100,1.03,CA,1699551275
505,brezina,33.0989,1.2608,17.89,21,100,5.9,DZ,1699551359
506,floresville,29.1336,-98.1561,26.59,79,99,0.3,US,1699551711
507,den burg,53.0542,4.7972,8.99,89,100,7.72,NL,1699551740
508,neryungri,56.6709,124.6491,-21.53,98,95,2.05,RU,1699551741
509,porto seguro,-16.4497,-39.0647,28.29,65,40,4.63,BR,1699551741
510,harstad,68.799,16.5293,-0.47,77,21,2.07,NO,1699551720
511,turinskaya sloboda,57.6232,64.3858,2.3,88,100,2.37,RU,1699551742
512,halden,59.1226,11.3871,4.79,93,100,0.98,NO,1699551743
513,orzu,37.5593,68.8184,11.22,63,1,0.56,TJ,1699551743
514,villa gesell,-37.2639,-56.973,17.81,52,0,4.68,AR,1699551744
515,ati,13.2154,18.3353,32.64,16,41,3.97,TD,1699551744
516,bodo,67.28,14.405,1.02,69,0,6.69,NO,1699551284
517,santa rosalia,27.3167,-112.2833,23.24,49,0,3.83,MX,1699551745
518,bafoulabe,13.8065,-10.8321,34.17,16,98,2.26,ML,1699551746
519,maun,-19.9833,23.4167,32.66,19,26,4.91,BW,1699551746
520,camalu,30.85,-116.0667,21.6,21,1,3.13,MX,1699551747
521,hamilton,39.1834,-84.5333,16.91,62,40,5.14,US,1699551049
522,mena,51.5217,32.2157,4.98,92,19,3.33,UA,1699551748
523,garzon,2.1959,-75.6278,24.39,87,99,1.05,CO,1699551748
524,caceres,39.522,-6.3748,11.94,75,75,2.45,ES,1699551749
525,fort bragg,35.139,-79.006,26.57,54,0,3.6,US,1699551267
526,nadym,65.5333,72.5167,-2.83,88,100,6.94,RU,1699551155
527,margate,51.3813,1.3862,8.16,82,94,3.58,GB,1699551391
528,at taraf,25.3628,49.725,24.3,59,0,2.93,SA,1699551751
529,dudinka,69.4058,86.1778,-5.21,89,100,12.88,RU,1699551248
530,brookings,44.3114,-96.7984,7.47,54,75,7.72,US,1699551244
531,chapaev,50.2,51.1667,10.41,67,100,10.85,KZ,1699551752
532,duong dong,10.2167,103.9667,26.0,94,40,1.54,VN,1699551753
533,dunedin,-45.8742,170.5036,4.92,84,26,1.95,NZ,1699551008
534,tinde,-3.8833,33.2,27.08,37,96,3.25,TZ,1699551754
535,san pedro pochutla,15.7333,-96.4667,32.84,53,41,3.22,MX,1699551540
536,la sarre,48.8002,-79.1996,-1.18,94,100,4.12,CA,1699551658
537,orsa,54.5153,30.4053,6.29,89,57,3.29,BY,1699551755
538,lincoln,40.8,-96.667,15.0,31,0,5.66,US,1699551363
539,iquique,-20.2208,-70.1431,21.02,73,77,1.74,CL,1699551687
540,alcains,39.9164,-7.4566,8.16,77,92,2.59,PT,1699551757
541,veshenskaya,49.6303,41.7334,10.06,70,100,3.58,RU,1699551757
542,sardinata,8.0829,-72.8007,34.82,41,20,2.36,CO,1699551758
543,pisco,-13.7,-76.2167,21.03,78,100,3.09,PE,1699551167
544,deols,46.8293,1.7043,10.05,87,75,9.26,FR,1699551759
545,arar,30.9753,41.0381,23.01,21,0,2.06,SA,1699551759
546,suoyarvi,62.0833,32.35,-0.05,99,100,2.21,RU,1699551760
547,hailar,49.2,119.7,-20.97,98,55,2.78,CN,1699551747
548,mao,39.8885,4.2658,15.31,94,40,3.09,ES,1699551446
549,toamasina,-18.1667,49.3833,26.0,78,40,1.54,MG,1699551761
550,panitian,9.0965,118.0864,26.33,87,34,1.73,PH,1699551761
551,punta de bombon,-17.1717,-71.7931,19.8,77,94,2.5,PE,1699551762
552,choibalsan,48.0667,114.5,-12.46,92,99,4.59,MN,1699551762
553,shakawe,-18.3667,21.85,33.26,19,59,2.23,BW,1699551763
554,ulanhot,46.0833,122.0833,-10.43,57,33,5.35,CN,1699551763
555,kibondo,-3.5864,30.7203,19.1,77,65,1.45,TZ,1699551763
556,peterhead,57.5058,-1.7981,3.03,77,25,1.45,GB,1699551764
